name,address
1 OAK Trading Company,"91 N Mitchell CT, Addison, IL"
101 Distributors GA LLC,"4721 Lewis rdStone Mountain ga 30083, Columbus, GA"
101 Distributors LLC - FL,"3305 Capital Circle NE STE # 102, Tallahassee, FL"
365 Phila Trading LLC,"36 Townshis Park,, Elkins Park, PA"
7 Stars Wholesale,"4705 110TH AV, Clearwater, FL"
A TO Z WHOLESALE | IA,"3555 Southeast Crossroads Dr, Grimes, IA"
A-Z CASH & CARRY,"3601 W. DUNLAP AVE., PHOENIX, AZ"
A-Z WHOLESALE WEST SIDE,"5210  US-80, Jackson, MS"
A. H. Traders,"3305 Stillwater Dr, Wylie, TX"
A.H JAMRA CO,"201 S. St. Clair St Toledo, Toledo, OH"
A1 OUTLET,"11180 HARRY HINES BLVD STE 101, DALLAS, TX"
A1 Smoke Shop,"2034 Sam Houston Ave, Huntsville, TX"
A1 Wholesale | TN,"3530 RIVERDlE RD, memphis, TN"
AA Wholesale,"2555 westbelt Dr, COLUMUS, OH"
AAmil wholesale Inc,"6530 Wyoming st ,, Dearborn, MI"
Aarka WHOLESALE,"1121 n mason dr, chandler, Az 85225, AZ"
Abo Vape Wholesale LLC,"120 Jefferson St, Coldwater, MI"
Aimrok Distributors,"4043 Nolensville Pike, Nashville, TN"
AK WHOLESALE INC,"10 Gateway Rd,, Bensenville, IL"
Al Eddahla Pavone Distribution Inc.,"2101E. Palm Ave., Suite B, Tampa, FL"
Alabama Wholesale,"613 Graymont  Ave north, Birmigham, AL"
Alexis  Newton,"710 E Bowen Ave, Bismarck, ND"
All Coast Distro LLC,"4820 W 130th St,, Cleveland, Ohio"
American Distributors LLC,"1049 Industrial Dr, Bensenville, IL"
AMERICAN GREEN SMOKE | AGS,"75 EISENHOWER LN S, LOMBARD, IL"
Amia Trade Inc,"201 East Anderson ln., Austin, TX"
AMIGO EXPRESS | ALICIA VALDES,"3504 MANN CT, LAREDO, TX"
Ang Wholesale Inc ,""
Angel Distributors Inc,"2725 Mountain Industrial BlvdSuite A4, Tucker, GA"
Angels cash & carry,"1737 Stanley Ave, Dayton, Ohio"
Anthem Smok & Gift,"2505 Anthem Vllage dr ste G, Handerson, NV"
Asad Wholesale,"2140 Reading Rd, Cincinnati, OH"
Astra Contractors LLC,"100 N Kiwanis Ave  Sioux Falls,, South Dakota, SD"
ATX Kingdom,"1290 Bebee Rd Suite 300,, Bebee Rd Suite, TX"
ATXI SMOKE & VAPE,"2801 GUADALUPE ST. STE 1, AUSTIN, TX"
AY  Fasion And Accessorics Inc,"2551 westbelt dr, columus, OH"
AZ1 Wholesale,"6042 W Bethany Home Rd, Glendale, AZ"
Bapashree Wholesale LLC,"3221 Fern Valley Rd, Louisville, KY"
Best Choice Wholesale,"2611 Alpine Ave NW, Grand Rapids, MI"
Blue Sky Wholesale LLC,""
Brasil International Cigar INC,"12908  N 56th ST, Temple Terrace, FL"
Brothers Wholesale,"3619 Commercial Dr, Indianapolis, IN"
Central Arkansas Wholesale LLC,"2125 Harkrider St Ste 36, Conway, Arkansas"
CENTRAL DISTRO INC,"1271 LA QUINTA DR STE 4, ORLANDO, FL"
Chase Cash & Carry Inc,"6700 Chase Rd., Dearborn, MI"
CHOICE NOVELTIES WHOLESALE,"7204 HARWIN DR #A, HOUSTON, TX"
CHOTU WHOLESALE LLC,"3500 179TH ST. STE 8, HAMMOND, IN"
Cincy Wholesale LLC,"4861 BUSINESS CENTER WAY, WEST CHESTER, OH"
Cleveland CNC LLC,"6410 Eastland rd Ste A, Brook Park, OH"
Cricket Team LLC,"1191 venture drive unit c, Forest, VA"
DALITA VAPE1 LLC,"471 MYATT DR, Madison, TN"
David Harris,"510 C HWY 17 N, SURFSIDE BEACH, SC"
Discount Elite LLC,"3971 eastern ave suite 2, Wyoming, MI"
Down South Distro INC,"236 space park s, Nashville, TN"
Down Town Distro Inc,"5626 W Linebaugh AveUnit 103 Tampa, FL 33624, Tampa, FL"
Dream Cash and carry,"10137 S Harlem Ave, Chicago Ridge, IL"
Dynamic Wholesale LLC,"1445 Busch Pkwy,, Buffalo Grove, IL"
E-Juice Wholesale,"573 Murfreesboro pike, Nashville, TN"
E-TOWN MARKETING & DISTRIBUTING,"203 PRODUCTION DR, ELIZABETH TOWN, KY"
Eagle Wholesale INC,"838 Boston St SE, Grand Rapids, MI"
Eclipse Wholesale Inc,"2509 Lovi Rd Bldg 3, Freedom, PA"
Elite Distribution (Peoria) ,""
Empire Smoke Distribution,"56-01 MASPETH AVE., Maspeth, NY"
Exotics Smoke Shop ,""
EZ Imports & Wholesale INC,"240 S Green River Rd, Evansville, IN"
EZ World Distributors LLC,"4891 F Street ,, Omaha, NE"
Ezzat Trading Intl LLC,"8382 Terminal Rd ( Unit F & G ), Lorton, VA"
Fast Distro LLC - TX,""
Fist Distribution LLC,"2201 John b ave,, Warren, MI"
Flavors United,"4251 Lyons rd, Miamisburg, OH"
FREEDOM WHOLESALE,"301 N SALEM ST., STE 103, APEX, NC"
G & Fire,"4002 E washington St, Phoenix, AZ"
G&S Wholesale Distro,"1914 S Roan St,, Johnson City, TN"
Giant Distribution LLC,"485 Thomas Dr, Bensenville, IL"
Global Source Distribution,"11338 Aurora Avenue  Building 10, Urbandale, IA"
Glow Galaxy Inc,"2626 Manana Dr Ste C, Dallas, TX"
GO GO WHOLESALE,"1200 Maroubra Loop, STE 3103, cary, NC"
Golden Eagle Distributors,"2101 W 21st St, Broadview, IL"
Golden Gate Wholesale LLC,"2910 W Jefferson St, Louisville, KY"
Golden Valley Wholesale,"7880 Beech St Ne, Fridley, MN"
Good Price Wholesale LLC,"2256 Rocky Ridge Road, Unit no 107, Birmingham, AL"
Gotham Distributors,"1227 walt whitman rd Melville, Melville, NY"
Granite City Jobbing Co,"2727 Clearwater Rd, St. Cloud, MN"
GREAT MIDWEST TOBACCO INC.,"9885 CRESCENT PARK DRIVE, West chester, OH"
Green Gorilla Smoke & Vape Shop| TX,"7006 University Ave STE 8,, Lubbock, TX"
Green Gorilla Smoke And Vape,"1103 University Ave ,, Lubbock, TX"
GREEN STREET 79 LLC,"7333 W 79TH St, BRIDGEVIEW, IL"
Greenwood Smoke Shop,"8923 S.Meridian ST., Indianapolis, IN"
GT IMPORT & WHOLESALE INC,"23 WEST MALLPLAINVIEW, NY 11803., PLAINVIEW, NY"
H&A supplies llc,""
HARMONY WHOLESALE,"11700 W CHARLESTON BLVD #170-759  LAS VEGAS, #170-759  LAS VEGAS, NV"
Harvard Distributing,"5113 Route 31, RINGWOOD, IL"
HAVANA SMOKE AND VAPE INC,"5 N STATE ST., NEWTOWN, PA"
HEER DISTRIBUTORS LLC,"111 Snyder Road, Unit 2, South Plainfield, NJ"
Henson Novelties INC | S. Ring,"2511 Battleground Ave Suite C, Greensboro, NC"
High End Glass&Tobacco,"1404 W 41st St,, SIOUX FALLS, SD"
High Wave Wholesale,"6951 E 30th St, Suite C, Indianapolis, IN"
HK WHOLESALE,"1802 E. Vaile Ave., Kokomo, IN"
Holidaze smoke shop,"1135 Hurffville Rd, Deptford, NJ"
Holy Smoke,"168 Elmora Ave, Elizabeth, NJ"
Hookah Cloud,"4520 summer ave, STE 1, memphis, TN"
HOOKAH PLUS,"1 WEST 27ST, NY, NY"
Hoosier Wholesale Dist,"4640 Lafayette Rd., Indianapolis, IN"
Hot Spot Distributors LLC,"2534 N Royal Place Suite B, Tucker, GA"
HS Global Distribution LLC,"44 Volunteer Blvd., Jackson, TN"
HS Wholesale,"628 Thomas Drive, Bensenville, IL"
HW Wholesale Inc,"6951 E 30th St, Suite C, Indianapolis, IN"
Hwy 420 smoke shop,"1375 E Newlands Rd unit 1,, Fernley, NV"
Hype Distribution LLC,"101 n mccoll road Unit 5, McAllen, TX"
I Wholesale,"4600 Lyons Rd, Miamisburg, OH"
IAK Wholesale,"1314 N 13TH ST,, Niles, MI"
Ignite Distribution,""
IK Distributions LLC,"9362 eton ave,, Chatsowrth, CA"
INDIANA IMPORT LLC,"9160 FORD CIR, FISHERS, IN"
Izzy’s Vapors LLC,"2047 West Main Suite A5, League City, Texas"
J J Distributors,"1126 Ulrich Ave, Louisville, KY"
JAI Shambhu LLC (Iowa Import),"1710 Guthrie Ave, Suite S-U, Des Moines, IA"
Jay Maha INC,"1427 Holmes Rd,, Elgin, IL"
Jerusalem Wholesale,"3504 Broadway, grove city, OH"
JNC Management,"17901 Woodland Dr, STE 200, New Boston, MI"
JNJ Distribution,"9889 crescent park dr, West chester, OH"
john Inc,"2200 westinghouse blvd, STE 101, Raleigh, NC"
Just Chill Traders Inc.,"195 central Ave, Farmingdale, NY"
Justin McKinniss,"629B S. Breiel Blvd, Middletown, OH"
Kay's Orders ,""
KBJ INC,"3337 WINDING WOODS DR, POWELL, OH"
KING AND KING WHOLESALE &  DISTRIBUTORS LLC,"4240 E. River Road, Moraine, OH"
KING WHOLESALE INC,"2749 MORSE RD, COLUMBUS, OHIO"
KK NOVELTY WHOLESALE,"3608 AIR PART ST., MEMPHIS, TN"
Lan & Mike International Trading Inc,"160 E Freedom Ave ,, Anaheim, CA"
Lexington Ave Drive Thru,"261 lexington ave, mansfield, OH"
LIBERTY VARIETY WHOLESALE,"8000 HARWIN DR, STE.450, HOUSTON, TX"
Limitless Distribution,"610 Ryan Ave, STE V-9, Westville, NJ"
LINDA STAMPER,"2616 Concrete road, Carlisle, KY"
Logan Perrow,"47310 Edgewood Road, Atlantic Mine, MI"
Lou’s Wholesale Distribution,"3335 Market Street, Aston, PA"
MAG Industries LTD,"1631 Lincoln Ave, ,, Tyrone, PA"
MAG INDUSTRIES LTD.,"1631 LINCOLN AVE TYRONE PA 16686-1400, TYRONE, Pennsylvania"
Magellan Technology (Demand Vape),"132 Dingens St, Buffalo, NY"
MAGELLAN TECHNOLOGY INC,"56 CHERYL, Buffalo, NY"
Magic Vapor Shop LLC,"340 E Brannon Rd, Nicholasville, KY"
Majestic Distribution LLC,"800 interstate parkway, Unit 144, Waukee, IA"
MALANI WHOLESALE OLIVE BRANCH,"8330 Industrial Dr., Olive Branch, MS"
Mann's Wholesale Inc/M B Wholesale,"2888 IN State Rd 25 N, Lafayette, IN"
Marleys Smoke Shop,"6410 Charlotte Pike Unit 116, Nashville, TN"
MB Wholesale LLC,"4935 W 38th St, Indianapolis, IN"
Melbourne LLC,"4451 Enterprice Ct Ste - J, Melbourne, FL"
Metro Atlanta Wholesalae,"1350 Capitol Circle, Lawrenceville, GA"
Metropolis Smoke,"1685 Middle Country Rd,, Centereach, NY"
MH Wholesale,"5010 CHASE AVE, DOWNERS GROVE, IL"
Michael Popovices,"5917 central ave, hot springs, AR"
Michiana Wholesale Inc,"707 Pine Tree Drive, Michigan City, IN"
Midpoint Distribution Inc,"2550 Tracy Road,  Unit 5106 ,   cod : 51062#, Northwood, OH"
Midwest Distribution/Midwest Goods Inc.,"1001 Foster Ave, Bensenville, IL"
Mike Wholesale LLC,"202 WEST 1ST STREET, LONDON, KY"
MK CENTRAL IL WHOLESALE,"1201 E OAKLAND AVE, BLOOMINGTON, IL"
MKAD Distribution,"925 Searcy way, Bowling green, Bowling green, KY"
MN MARUTI LLC,"5 N Commerce Park DR Suite B and C, CINCINNATI, OH"
MONTCLAIR SMOKE AND MIRRORS,"549 BLOOMFIELD AVE, MONTICLAIR, NJ"
Moreb Wholesale LLC Distributor,"2350 Crosspointe Dr,, Miamisburg, OH"
MR. CHECKOUT LTD,"11 Surrey Coach Ln, BOW, NH"
Mr. Smoke Wholesale,"441 Myatt Drive Madison, Madison, TN"
MRFOG - Online,""
Multiline Intl Imports Inc,"5786 Logan CT Denver, Denver, CO"
Music City Distribution,"911 twin elms ct, Nashville, TN"
MZS Wholesale inc,"52 lake street, White plains, NY"
NC VAPE ZONE DISTRIBUTIONS,"1680 NC HWY5 STE 165, ABERDEEN, NC"
NC Wholesale & Imports,"2417 Hope Mills Rd Suite 103, Fayetteville, NC"
NEPA Wholesale Inc,"5479  Leaper Dr, West Palm Beach, FL"
NEPTUNE IMPORTS,"7636 HARWIN DR. STE A103, HOUSTON, TX"
New Star Distro LLC,"938 w south blvd, Montgomery, AI"
NEW WAVE ENTERPRISE LLC,"2608 S BROAD ST, HAMILTON TOWNSHIP, NJ"
NR Arizona Wholesale,""
oasis novelties,"205 brianwood dr, Newnan, GA"
OB Trading Group,"238 w old country rd, Hicksville, NY"
Ocean Wholesale LLC,"1290 Osborne RD NE  STE B, Fridley, MN"
Om Food Mart,"6347 Navy Rd, Millington, Tennessee"
one Stop Wholesale,"1845 lawrenceville hwy, DACUTURE, GA"
ONECOM TRADING INC,"11532 HARRYHINES BLVD SUITE A110, DALLAS, TX"
P & N Wholesalers,"5920 E. 25th Street, Indianapolis, IN"
P&P WHOLESALE,"441 GETTY AVE, CLIFTON, NJ"
Pacer Distribution LLC,"1936 S Lynhurst Dr Ste P Dock 38, Indianapolis, IN"
Patriot Wholesale,"20145 ANN Arbor Trl, Dearborn Heights, MI"
Perfect Vape LLC,"2305 S Angew Ave, OKC, OK"
Phoenix Distributors LLC - Tehzeeb/Hot Spot,"4850 Cliff Gookin BlvdSte 738, Tupelo, MS"
PLATINUM CASH AND CARRY,"10137 S Harlem Ave, Chicago Ridge, IL"
PNP Distro,"202 W MAIN STREET, NEW ALBANY, IN"
Pony Express Distribution,"Town center drive Unit 150, Springs, Colorado"
Port City Distro,"4201 Emerson Street, Wilmington, NC"
"Premium Molasses, Inc/Shisha","1236 W. Capitol Dr., Addison, IL"
Prestige Distribution LLC - OH ,""
Primcare Internationl Inc,"6810 Addison Ave, Sugarland, TX"
PRIME SUPPLY DISTRO,"10430 Shady Trl suit 105, Dallas, TX"
Princess Beauty Supply,"702 N LOBDELL HWY #14, PORT ALLEN, LA"
PSM OHIO LLC,"2192 Wilson Road, Columbus, OH"
QUALITY IMPORTS & WHOLESALE .,"8000 HARWIN DR. SUITE 190A, HOUSTON, TX"
Quality Tobacco,"112 East Lake St, Minneapolis, MN"
Quality Wholesale STL,"2059 Concourse Drive, St. Louis, Mo"
Qubi Enterprise LLC,"4270 Groveport Rd, Obetz, Ohio"
QUEEN'S TOBACCO & VAPE,"3501 S TRYON ST , UNIT G, CHARLOTTE, NC"
R&R WHOLESALE,"5621 York County Rd, Columbus, OH"
Ravi's Wholesale,"11029 Harry Hines Blvd, Building A, Dallas, Texas"
RAYAH'S TOYS LLC | VAPE & MORE,"1855 BARATARIA BLVD, STE B1, MARRERO, LA"
Regal Wholesale,"5002 north royal Atlanta drive suite j, Tucker, GA"
Rich's Westside Convenience,"3809 Highway 72 W,, Corinth, MS"
Rips LLC ,""
RK DISTRIBUTORS INC,"2263 Distributors Dr, Indianapolis, IN"
RMH INC,"8 Papago Ct Randallstown, MD"
RN Distributors LLC,"1230 Burlew Blvd, Owensboro, KY"
ROANOKE WHOLESALE,"5815 AIRPORT ROAD, STE B, ROANOKE, VA"
Rock Bottom Wholesale,"1120 Howard St,, St. Louis, MO"
Royal Cash & Carry INC - MO,""
Royal Cigar Tobacoo,"403 14th ave, Minneapolis, MN"
ROYAL WHOLESALE & DISTRIBUTORS INC,"2121 CAPSTONE DR, LEXINGTON, KY"
RS Wholesale LLC,""
S&L PA,"400 W Chester Pike, Ridley Park, PA"
S&V Wholesale INC,"461 W Fullerton Ave, Elmhurst, IL"
SAFA GOODS,"23245 Harbor View Rd B, PORT CHARLOTTE, FL"
SAI KRUPA,"2327 SHELLFISH CT, RICHMOND, VA"
SAI WHOLESALE LLC,"1525 W 5TH N ST, SUMMERVILLE, SC"
SAMS TOBACCO,"206 S CLINTON AVE, DUNN, NC"
SATYA WHOLESALE DISTRO LLC,"415 BREADEN DR, MONORE, OH"
SC DISTRIBUTION LLC,"1302 Two notch rd, Lexington, SC"
SE IMPORTS & WHOLESALE,"5104 N Franklin Rd,, INDIANAPOLIS, IN"
SHEESH VAPE,"230 ROUT 313, STE 6, PERKASIE, PA"
SK9 INC,""
Sky Wholesale LLC,"2730 Mountain Industrial Blvd, Tucker, GA"
SKYMAN WHOLESALE,"364 w main st, HENDERSONVILLE, TN"
Smoke Alley,"4620 dacoma st, houston, TX"
Smoke and Vape for Less,"6207 charlotte pikeste c, Nashville, TN"
Smoke City Wholesale (AP),"6185 Huntley Rd, Columbus, OH"
Smoke City Wholesale LLC,"6185 Huntley Road suite F Columbus ohio 43229, Columbus, OH"
Smoke Houses LLC,"10080 E121st ST Suite 115, Fishers, IN"
SMOKE KINGS,"7250 HARWIN DR., SUIT #C, HOUSTON, TX"
SMOKE N PEACE,"10531 E NORTHWEST HIGWAY, STE D, DALLAS, TX"
Smoke Oasis,"17108 Lorain Rd, Cleveland, OH"
Smoke Rings | ASHVILL 2 NC,"770 patton ave suite a, Asheville, NC"
Smoke Rings | ASHVILL NC,"5 miller rd south, suite 6, Asheville, NC"
Smoke Rings | Burlington NC,"2561 S Church St, Burlington, NC"
"Smoke Rings | Chapel Hill, NC","418 w Franklin st, Chapel Hill, NC"
Smoke Rings | Garner NC,"106 Bratton Dr. Unit 4, Garner, NC"
Smoke Rings | Greensboro NC,"2511 Battleground Ave Suite C, Greensboro, NC"
Smoke Rings | Kerr,"1207-2 S. Kerr Ave, Wilmington, NC"
smoke rings smoke shop | knoxvill,"1707 Cumberland Ave, Knoxville, TN"
Smoke Source Wholesale LLC ,"15009 N Cave Creek Rd Phoenix, AZ 85032"
SMOKE STAX & VAPE,"412 HILLSIDE AVE, NEW HYDE PARK, NY"
Smoke World ,""
Smoke Zone | Providence RI,"398 Wickenden St,, Providence, RI"
Smoker Choice,"356 S. Broadway, ste A, Salem, NH"
Smokers Wholesale LLC,"2668 Charlestown Rd Bldg B, New Albany, IN"
Smokeville Smokeshop,"699 W Main St #201, Hendersonville, tn"
SMOKIN JOE,"2015 LIKENS ST, ROANOKE, VA"
Smoking Sales LLC,"106 Harbor Dr, Jersey City, NJ"
SMT Distributors Inc,"608 DeKalb Industrial Way, DECATUR, GA"
SNK Creations LLC,"5601 bonhemme Suite C, Houston, TX"
SNS Imports LLC,"1506 morninghill drive SC, Columbia"
Southeastern Marketing & Distribution Inc,"1017 Shive LaneSuite B, Bowling Green, KY"
Southern Illinois Wholesale LLC,"328 south 10th street, Mount Vernon, IL"
Southern Wholesale,"8108 E 21st  AVE, Tampa, FL"
Soutwest WholeSale INC #2,"9004 s Odell Ave, Bridgeview, IL"
Speed wholesale Inc,"400 N YORK RD, BENSENVILLE, IL"
SPEEDY GAS & GRUB,"14001 Lakewood Heights Blvd, Lakewood, OH"
Square Distribution LLC,"7458 Harwin Dr, HOUSTON, TX"
ST Global Corportation LLC,"3589 Lexington Ln Carpentersville IL, Carpentersville, IL"
ST Trading,"7001 W Washington St, Indianapolis, IN"
Star Importers & Wholesalers Inc,"2166 Mountain Industrial, Tucker, GA"
State of Mind,"319 B Cornelia St,, Plattsburgh, ny"
STN1 LLC,"30 Sherwood ln, unit 4, Fairfield Bullish Ventures, Fairfield, Nj"
SULLY VAPE,"1345 PEACH ORCHARD RD, SUMTER, SC"
Sunny 76 LLC,""
Sunrise Wholesale,"5913 school ave, Henrico, VA"
Sunset Wholesale West,"3337 N 35th Ave,, Phoenix, AZ"
SUNSHINE NOVELTY,"1933 PREMIRE ROW, ORLANDO, FL"
SUPER C&C TRADING INC,"61 Oxford St,, Newark, NJ"
SV3 LLC,"4908 E Mcdowell Rd,, Phoenix, AZ"
T & J Distributing LLC,"5821 80th St, Kenosha, WI"
T-Bowl Smoke Shop,"1055 Hamburg Turnpike #3, Wayne, NJ"
T&Y WHOLESALE,"5526 PLEASANT VIEW RD.,, MEMPHIS, TN"
Texas Imports,"7636 Harwin Dr ste 315, Houston, Texas"
Texomans Tobacco 1,"2205 texoma pkwy, sherman, TX"
TFMM INC,"410 Lawrence bell dr Suite 1,, Williamsville, NY"
TIGER MART,"355 ROUTE 46E, LITTLE FALLS, NJ"
TKE Distribution LLC,"782 Congress park dr,, Dayton, OH"
TN VAPE WHOLESALE,"2431 HIGHWAY 41 SOUTH, GREENBRIER, TN"
Tobacco & Vapor,"1250 US-70,, New Bern, NC"
Tobacco Inn | VA,"2301 COLLEY AVE, STE I, NORFOLK, VA"
Tobacco King And Vapor King,"39 Putnam Pike #11,, johnston, ri"
Tobacco Plus  2,"400 E Walnut St,, Ripley, MS"
Tobacco World Group INC,"7401 W 87th St, Bridgeview, IL"
TOBACCO WORLD SMOKE SHOP,"9775 HIGHWY 64 UNIT 16, ARLINGTON, TN"
TOBACCO WORLD SMOKE SHOP #2,"1996 N HIGHLAND AVE., JACKSON, TN"
Tornado Distributions LLC,"12223 S Laramie Ave, Alsip, IL"
Total Wholesale Inc,"3900 woodland ave, Cleveland, Ohio"
Tottaly Tobacco,"11234 lincoln hwy, Mokena, IL"
Tri State Distro,"1070 S Northpoint blvd Unit A, Waukegan, IL"
TRIANGLE WHOLESALE,"120 Kendall Point Drive, Oswego, IL"
Tristate Distro Corp - MO ,MO 
ULTIMATE TECH DISTRIBUTORS,"462 MARKET AVE, SADDLE BROOK, NJ"
ULTIMATUM VAPE LLC,"1401 Gallatin Ave Unit C, Nashville, TN"
Unique Distributors Inc MO,"10413 st Charles rock rd St Ann, St Ann, Mo"
Unique Wholesale | GA,"5201 Brook Hollow Pkwy Suite L,, Norcross, GA"
Univer-Sale Novelty LLC,""
Univercell Wireless Inc,"3650 W Reno Ave, Las vegas, NV"
Univercell Wireless Inc - Homesun,""
Up in smoke (OH),"5729 Glenway Ave,, Cincinnati, OH"
Up in smoke OH,"5729 Glenway Ave,, Cincinnati, OH"
US 1 NOVELTIES,"1744 SCOTT BLVD., DECATUR, GA"
US Vape Supplies,"4231 leap rd Suite C, Hilliard, Ohio"
US WHOLESALE INC,"8226 LEHIGH AVE, MORTON GROVE, IL"
USA Wholesale,"3793 peters creek road Ext Sw, Roanoke, VA"
USM trading inc,"2308 maple avenue  Burlington nc 27215, Burlington, NC"
VALLEY EXPRESS 1 LLC,"5427 Valley Station Rd, LOUISVILLE, ky"
VAPE PLUS,"2578 ATLANTIC AVE ,, BROOKLYN, NY"
Vapetastic,"965 N Walnut Ave #200, New Braunfels, TX"
Vapor Haus LLC,"832 Distribution Dr, Beavercreek, OH"
vapor village wholesale,"4520 SOUTHWEST PKWY, WICHITA FALLS, TX"
Variety Outlet,"Variety outlet  11500 Harry Hines Blvd Suit #115, Dallas Texas, Texas"
Vega distributor,"1010 E New circle    KY, Lexington, KY"
VEGAS DISTRIBUTORS,"4842 S EASTERN AVE, Las Vegas, nv"
Velsan LLC,"1112 Lime St, Lakeland, FL"
VIKISHA INC.,"3900 WEST SIDE AVE, NORTH BERGEN, NJ"
VIN WHOLESALE,"11440 Watterson Ct, Louisville, KY"
VIP Distribution Discount INC,"5000 Montgomery RD, Cincinnati, OH"
Wall Street Distribution Inc,"301 e 4th st unit a, Los angeles, CA"
Wayne Distribution,"3738E Washington BLVD ,, fort wayne, IN"
West side 87 Cash & Carry,""
WESTCO DISTRO LLC,"5550 Cameron st Suit C, Las Vegas, NV"
white house vapor,"618 TN-76,, White House, TN"
Wild side Smoke Shop | champ.IL,"30 East Green St., Ste 2, Champaign, IL"
Wild Side SMOKE SHOP | College S. TX,"1712 Southwest Pkwy, Suite 105, College Station, TX"
WILD SIDE SMOKE SHOP | CORVALLIS OR,"820 NW 9TH ST., STE104, CORVALLIS, OR"
Wild Side Smoke Shop | EUGENE OR,"25 E 11TH AVE, EUGENE, OR"
Wild Side Smoke Shop | Manchester NH,"1346 Elm St., Manchester, nh"
Wild Side Smoke Shop | Muncie IN,"1618 W University Ave,, Muncie, in"
Wild Side Smoke Shop | Portland ME,"102 Portland St, Portland, ME"
Wild Side smoke shop| Nashua NH,"483 Amherst st, unit 5, Nashua, NH"
Wise Men Wholesale,"857 Industrial Dr, Bensenville, IL"
World Wholesale,""
Y-Max Wireless LLC,"5826, Parkersburg dr, Houston, Texas"
Yellow Bird Wholesale,"1081, 13115 NE David Cir, Portland, OR"
Zacks Candy LLC,"4949 Old Grayton Rd, Cleveland, OH"
Zacks Corner Stop,"1055 E Weber Rd,, Columbus, OH"
ZEE WHOLESALE,"13405 Stark Rd,, Livonia, MI"
Zombie Glass,"6001 Maple St.Omaha, Omaha, NE"
